{
  "train_size": 22848,
  "val_size": 1843,
  "classes": [
    "Alzheimers",
    "Cancer",
    "Diabetes",
    "Normal"
  ],
  "accuracy": 0.6625067824199674,
  "macro_f1": 0.661861792853504,
  "weighted_f1": 0.6630659250104071,
  "classification_report": {
    "Alzheimers": {
      "precision": 0.5677749360613811,
      "recall": 0.6959247648902821,
      "f1-score": 0.6253521126760564,
      "support": 319.0
    },
    "Cancer": {
      "precision": 0.744299674267101,
      "recall": 0.6329639889196675,
      "f1-score": 0.6841317365269461,
      "support": 722.0
    },
    "Diabetes": {
      "precision": 0.6594911937377691,
      "recall": 0.6229205175600739,
      "f1-score": 0.6406844106463878,
      "support": 541.0
    },
    "Normal": {
      "precision": 0.6269113149847095,
      "recall": 0.7854406130268199,
      "f1-score": 0.6972789115646258,
      "support": 261.0
    },
    "accuracy": 0.6625067824199674,
    "macro avg": {
      "precision": 0.6496192797627401,
      "recall": 0.6843124710992109,
      "f1-score": 0.661861792853504,
      "support": 1843.0
    },
    "weighted avg": {
      "precision": 0.6722263475027508,
      "recall": 0.6625067824199674,
      "f1-score": 0.6630659250104071,
      "support": 1843.0
    }
  },
  "confusion_matrix": [
    [
      222,
      23,
      54,
      20
    ],
    [
      98,
      457,
      103,
      64
    ],
    [
      46,
      120,
      337,
      38
    ],
    [
      25,
      14,
      17,
      205
    ]
  ]
}